<application>
  <component name="TodoConfiguration">
    <pattern pattern="\btodo\b.*" />
    <pattern pattern="\bfixme\b.*" />
    <pattern useCustomColors="true" pattern="!!!.*!!!">
      <option name="FOREGROUND" value="de0014" />
      <option name="FONT_TYPE" value="1" />
    </pattern>
    <pattern useCustomColors="true" pattern="ψ.*ψ">
      <option name="FOREGROUND" value="41debb" />
      <option name="ERROR_STRIPE_COLOR" value="e314" />
    </pattern>
    <pattern useCustomColors="true" case-sensitive="true" pattern="//rm">
      <option name="FOREGROUND" value="de00c4" />
      <option name="FONT_TYPE" value="1" />
      <option name="ERROR_STRIPE_COLOR" value="e300d8" />
    </pattern>
  </component>
</application>